stimulus,tau_c,baseline_rate_Hz,efficiency_bits_per_spike_equivalent,kendall_tau_vs_baseline_5_Hz
gaussian,0.01,0.0,6.210305847280549,0.7090909090909091
gaussian,0.015,0.0,7.651290563841198,0.7090909090909091
gaussian,0.02,0.0,11.520626490284407,0.7090909090909091
gaussian,0.03,0.0,9.500593733875178,0.7090909090909091
gaussian,0.05,0.0,10.449364242964636,0.7090909090909091
gaussian,0.075,0.0,10.36042000453586,0.7090909090909091
gaussian,0.1,0.0,11.21643089004405,0.7090909090909091
gaussian,0.15,0.0,10.984241637968664,0.7090909090909091
gaussian,0.2,0.0,10.963397515926811,0.7090909090909091
gaussian,0.3,0.0,11.25530461479799,0.7090909090909091
gaussian,0.5,0.0,19.51018568321032,0.7090909090909091
gaussian,0.01,2.5,4.840288236423182,0.8909090909090909
gaussian,0.015,2.5,5.660165037751044,0.8909090909090909
gaussian,0.02,2.5,7.314552802796531,0.8909090909090909
gaussian,0.03,2.5,6.736183331165587,0.8909090909090909
gaussian,0.05,2.5,7.209294133493546,0.8909090909090909
gaussian,0.075,2.5,7.169856429164736,0.8909090909090909
gaussian,0.1,2.5,7.525318873209911,0.8909090909090909
gaussian,0.15,2.5,7.415310295472814,0.8909090909090909
gaussian,0.2,2.5,7.425846932630538,0.8909090909090909
gaussian,0.3,2.5,7.640558846755219,0.8909090909090909
gaussian,0.5,2.5,8.89304473887092,0.8909090909090909
gaussian,0.01,5.0,3.9654864997761208,1.0
gaussian,0.015,5.0,4.491360561420944,1.0
gaussian,0.02,5.0,5.358290666950232,1.0
gaussian,0.03,5.0,5.217914354827652,1.0
gaussian,0.05,5.0,5.502969545424529,1.0
gaussian,0.075,5.0,5.4817219385102565,1.0
gaussian,0.1,5.0,5.662047702573339,1.0
gaussian,0.15,5.0,5.59682484468005,1.0
gaussian,0.2,5.0,5.614288890477183,1.0
gaussian,0.3,5.0,5.783222990740861,1.0
gaussian,0.5,5.0,5.759055766528181,1.0
gaussian,0.01,10.0,2.9126575218615685,0.7090909090909091
gaussian,0.015,10.0,3.178614706062923,0.7090909090909091
gaussian,0.02,10.0,3.4909798655606674,0.7090909090909091
gaussian,0.03,10.0,3.5966264338834577,0.7090909090909091
gaussian,0.05,10.0,3.7349593105669423,0.7090909090909091
gaussian,0.075,10.0,3.7267866400192737,0.7090909090909091
gaussian,0.1,10.0,3.786814787792203,0.7090909090909091
gaussian,0.15,10.0,3.7550793499318647,0.7090909090909091
gaussian,0.2,10.0,3.773281698232013,0.7090909090909091
gaussian,0.3,10.0,3.89133935730455,0.7090909090909091
gaussian,0.5,10.0,3.378105926913223,0.7090909090909091
switching,0.02,0.0,1.317573648426924,1.0
switching,0.05,0.0,1.2391001110832351,1.0
switching,0.1,0.0,1.1473376592927864,1.0
switching,0.2,0.0,0.8809842545623363,1.0
switching,0.02,2.5,0.9718992940941813,1.0
switching,0.05,2.5,0.9307878521205301,1.0
switching,0.1,2.5,0.8665850020048443,1.0
switching,0.2,2.5,0.7102617115780562,1.0
switching,0.02,5.0,0.7699085744871067,1.0
switching,0.05,5.0,0.7453341806510398,1.0
switching,0.1,5.0,0.6962203974318931,1.0
switching,0.2,5.0,0.5949656177733583,1.0
switching,0.02,10.0,0.5438506274172753,1.0
switching,0.05,10.0,0.5329573342156187,1.0
switching,0.1,10.0,0.4997325045393651,1.0
switching,0.2,10.0,0.44914656608720466,1.0
