tau_c,restart,initialization,budget_group,final_J,final_I_dec,final_rate,final_sweep
0.01,0,warm_start,matched,40.911428684010666,54.85270791221908,8.832529228208417,4
0.01,1,warm_start,matched,30.24464703628976,48.59172439015535,13.047077353865587,5
0.01,2,warm_start,additional_warm,30.24464703628976,48.59172439015535,13.047077353865587,3
0.01,3,warm_start,additional_warm,40.911428684010666,54.85270791221908,8.832529228208417,6
0.01,4,direct_full_parameter,matched,27.389750600041687,40.89443478447509,8.414684184433401,7
0.01,5,direct_full_parameter,matched,39.69987211939983,58.81525198794429,13.755379868544466,7
0.015,0,warm_start,matched,42.14899662034765,54.375737209507726,7.106740589160076,7
0.015,1,warm_start,matched,30.56842831925997,46.16714154569788,10.287463226437906,6
0.015,2,warm_start,additional_warm,30.56842831925997,46.16714154569788,10.287463226437906,5
0.015,3,warm_start,additional_warm,42.08664050207427,54.90087597554517,7.697985473470896,7
0.015,4,direct_full_parameter,matched,21.959585952447465,35.4675997335495,8.418013781102033,7
0.015,5,direct_full_parameter,matched,35.444141943156964,47.26539331225296,6.510001369095993,7
0.02,0,warm_start,matched,40.59336590984791,50.08722923421482,4.347613324366905,7
0.02,1,warm_start,matched,27.95936576675274,44.51576314932458,11.275147382571836,7
0.02,2,warm_start,additional_warm,29.341035670439663,43.29473084546024,8.634945175020569,5
0.02,3,warm_start,additional_warm,36.29250891694462,44.79165532945979,3.356646412515176,7
0.02,4,direct_full_parameter,matched,17.508162976572667,27.084902004130072,4.486739027557407,7
0.02,5,direct_full_parameter,matched,34.88037299095494,44.96621677778501,4.759593786830066,7
0.03,0,warm_start,matched,39.17300773104216,47.27715433912163,2.9353966080794685,7
0.03,1,warm_start,matched,26.073241886910747,38.853935932644994,7.469444045734245,7
0.03,2,warm_start,additional_warm,25.20491527872705,39.94724721046294,9.453581931735892,7
0.03,3,warm_start,additional_warm,46.60460274839671,57.87648342986407,6.091880681467361,7
0.03,4,direct_full_parameter,matched,11.55174002534096,41.63811230162309,24.96637227628213,7
0.03,5,direct_full_parameter,matched,33.009314333397086,42.72345908334752,4.384144749950431,6
0.05,0,warm_start,matched,20.92928941191393,33.000101660149284,6.782062248235351,5
0.05,1,warm_start,matched,21.819425467323875,33.89814779960519,6.763722332281314,7
0.05,2,warm_start,additional_warm,37.82950064926266,45.78438734177914,2.8648866925164778,6
0.05,3,warm_start,additional_warm,47.37559578218436,58.125702369322674,5.562606587138316,7
0.05,4,direct_full_parameter,matched,11.542033264462631,33.27147057233331,16.579437307870673,7
0.05,5,direct_full_parameter,matched,29.844648035051986,38.84368150180445,3.6615334667524624,7
0.075,0,warm_start,matched,18.02278802814362,29.44516874759715,6.10363071945353,7
0.075,1,warm_start,matched,17.931608795739013,29.993022065067336,6.746413269328321,7
0.075,2,warm_start,additional_warm,47.39950066915066,58.20501787817207,5.618017209021404,7
0.075,3,warm_start,additional_warm,31.871399551466457,38.91630165425239,1.9099021027859264,7
0.075,4,direct_full_parameter,matched,3.459443981061626,33.473660511656185,24.89421653059456,7
0.075,5,direct_full_parameter,matched,26.97282004909014,36.621408379866175,4.299838330776038,7
0.1,0,warm_start,matched,14.767146289638903,25.83911765961945,5.764471369980548,7
0.1,1,warm_start,matched,46.877315770326256,57.1692342862701,5.096918515943852,7
0.1,2,warm_start,additional_warm,15.89978981281187,26.50324344254432,5.265953629732448,7
0.1,3,warm_start,additional_warm,30.681469536477945,37.477303891736845,1.6533343552589037,7
0.1,4,direct_full_parameter,matched,-4.896878600981093,4.109539520063959,3.7964181210450527,7
0.1,5,direct_full_parameter,matched,24.471864758077565,34.11026838490322,4.289653626825658,7
0.15,0,warm_start,matched,46.66663777441979,57.055986995415935,5.194349220996144,7
0.15,1,warm_start,matched,12.35529522364902,23.1406940954017,5.462898871752679,7
0.15,2,warm_start,additional_warm,12.35529522364902,23.1406940954017,5.462898871752679,7
0.15,3,warm_start,additional_warm,29.063809181460822,35.84887783439897,1.642568652938145,7
0.15,4,direct_full_parameter,matched,-5.234619804768632,3.461056379082349,3.4856761838509804,7
0.15,5,direct_full_parameter,matched,21.831166134044857,30.167227929195796,2.9910617951509373,7
0.2,0,warm_start,matched,47.09164802107467,57.53452134315108,5.247873322076408,7
0.2,1,warm_start,matched,11.47806746655345,22.234775754689807,5.434208288136358,7
0.2,2,warm_start,additional_warm,11.47806746655345,22.234775754689807,5.434208288136358,7
0.2,3,warm_start,additional_warm,28.91038852128432,35.684118755087134,1.6312302338028168,7
0.2,4,direct_full_parameter,matched,-5.188792372736986,3.4174172358135446,3.426209608550532,7
0.2,5,direct_full_parameter,matched,21.263813657653586,29.045220123106592,2.428906465453007,7
0.3,0,warm_start,matched,48.9970949832047,59.47639389179174,5.284298908587044,7
0.3,1,warm_start,matched,11.682433558889135,22.381918786635737,5.3769852277466015,7
0.3,2,warm_start,additional_warm,11.682433558889135,22.381918786635737,5.3769852277466015,7
0.3,3,warm_start,additional_warm,29.46092851898281,36.45358433820832,1.857655819225503,7
0.3,4,direct_full_parameter,matched,-4.759390323510668,4.098550471488763,3.677940794999431,7
0.3,5,direct_full_parameter,matched,21.944110276433435,30.229850518036997,2.9407402416035584,7
0.5,0,warm_start,matched,33.659634467056364,40.8549144854702,2.0940300184138327,7
0.5,1,warm_start,matched,11.322450611522765,21.90852966740825,5.263579055885483,7
0.5,2,warm_start,additional_warm,11.322450611522765,21.90852966740825,5.263579055885483,7
0.5,3,warm_start,additional_warm,33.659634467056364,40.8549144854702,2.0940300184138327,6
0.5,4,direct_full_parameter,matched,-4.677528808904921,4.099310170046361,3.5968389789512827,7
0.5,5,direct_full_parameter,matched,22.221807124621,31.670030787922112,4.099473663301115,7
