tau_c,warm_best_J_all4,warm_best_J_matched2,direct_best_J_matched2,delta_J_all4_minus_direct2,delta_J_matched2_minus_direct2,warm_final_J_range,direct_final_J_range
0.01,40.911428684010666,40.911428684010666,39.69987211939983,1.211556564610838,1.211556564610838,10.666781647720907,12.310121519358141
0.015,42.14899662034765,42.14899662034765,35.444141943156964,6.7048546771906885,6.7048546771906885,11.580568301087684,13.484555990709499
0.02,40.59336590984791,40.59336590984791,34.88037299095494,5.712992918892972,5.712992918892972,12.634000143095172,17.372210014382272
0.03,46.60460274839671,39.17300773104216,33.009314333397086,13.595288414999622,6.163693397645076,21.399687469669658,21.457574308056124
0.05,47.37559578218436,21.819425467323875,29.844648035051986,17.530947747132377,-8.025222567728111,26.44630637027043,18.302614770589354
0.075,47.39950066915066,18.02278802814362,26.97282004909014,20.426680620060523,-8.95003202094652,29.46789187341165,23.513376068028514
0.1,46.877315770326256,46.877315770326256,24.471864758077565,22.40545101224869,22.40545101224869,32.110169480687354,29.36874335905866
0.15,46.66663777441979,46.66663777441979,21.831166134044857,24.835471640374934,24.835471640374934,34.311342550770775,27.065785938813487
0.2,47.09164802107467,47.09164802107467,21.263813657653586,25.827834363421083,25.827834363421083,35.61358055452122,26.45260603039057
0.3,48.9970949832047,48.9970949832047,21.944110276433435,27.052984706771262,27.052984706771262,37.31466142431556,26.703500599944103
0.5,33.659634467056364,33.659634467056364,22.221807124621,11.437827342435362,11.437827342435362,22.3371838555336,26.899335933525922
